transaction_id,timestamp,location,amount,payment_type,fraud_flag
81a20eec,2026-05-26 19:49:14.336424,Hyderabad,11292.01,Net Banking,0
ba819cdc,2026-05-23 03:53:14.336508,Mumbai,11485.39,Debit Card,0
37fd684d,2026-05-23 00:17:14.336540,Bangalore,4416.3,Credit Card,0
28bbd522,2026-05-22 20:08:14.336564,Bangalore,18919.11,UPI,0
30ce5313,2026-05-28 11:16:14.336587,Hyderabad,23909.34,Debit Card,0
92ca3339,2026-05-27 04:52:14.336607,Mumbai,32863.96,Debit Card,0
bca261b8,2026-05-26 16:32:14.336626,Hyderabad,32320.32,UPI,0
d2a47f9c,2026-05-22 15:27:14.336645,Pune,37482.76,Credit Card,0
a23e9d66,2026-05-28 20:49:14.336662,Bangalore,46809.27,UPI,0
6dc7c017,2026-05-24 02:04:14.336680,Pune,27905.9,Debit Card,0
86f711a4,2026-05-25 18:45:14.336696,Mumbai,12629.18,Debit Card,0
230503fd,2026-05-29 05:42:14.336714,Hyderabad,30347.27,UPI,0
30ba4924,2026-05-24 19:17:14.336736,Hyderabad,8212.98,Net Banking,0
adc771f7,2026-05-28 04:24:14.336754,Delhi,11865.24,Debit Card,0
a60a37b8,2026-05-27 15:13:14.336776,Mumbai,29815.66,Credit Card,0
5f0e27b5,2026-05-25 06:16:14.336792,Delhi,20153.52,Debit Card,0
332b5ac3,2026-05-23 11:54:14.336815,Mumbai,45688.79,Net Banking,0
15f414a4,2026-05-25 15:18:14.336833,Delhi,46599.19,UPI,0
e96621d9,2026-05-26 08:57:14.336850,Mumbai,22472.83,UPI,0
04e1c93f,2026-05-25 18:17:14.336868,Pune,34355.16,Net Banking,0
1f15dc17,2026-05-23 23:58:14.336884,Hyderabad,41062.49,Net Banking,0
d1826dd5,2026-05-28 13:52:14.336900,Bangalore,21751.92,Net Banking,0
d58fc794,2026-05-26 01:30:14.336922,Mumbai,38359.66,UPI,0
8618892b,2026-05-27 20:28:14.336941,Pune,4771.84,Debit Card,0
0a5da815,2026-05-25 02:45:14.336958,Pune,41624.82,Net Banking,0
5a603037,2026-05-25 15:36:14.336975,Bangalore,5849.88,Credit Card,0
aa25196f,2026-05-23 00:59:14.336992,Hyderabad,39240.8,UPI,0
28fc2325,2026-05-24 05:45:14.337009,Bangalore,9618.23,Debit Card,0
8ead4efa,2026-05-28 07:34:14.337026,Bangalore,41904.24,Credit Card,0
d9deb92a,2026-05-25 14:20:14.337046,Bangalore,22516.83,Net Banking,0
ff793e14,2026-05-28 18:31:14.337064,Mumbai,39298.26,Credit Card,0
e7b4fff0,2026-05-26 06:32:14.337081,Mumbai,6015.96,Debit Card,0
000d227b,2026-05-22 14:37:14.337099,Pune,10898.56,Credit Card,0
b72a8c22,2026-05-26 15:30:14.337121,Mumbai,15941.87,Credit Card,0
3bb4235e,2026-05-28 08:46:14.337141,Hyderabad,28025.45,Credit Card,0
a51dda85,2026-05-25 14:04:14.337159,Delhi,10938.09,Net Banking,0
ddfd0f0f,2026-05-23 05:22:14.337180,Bangalore,42722.6,UPI,0
cf7f35c6,2026-05-25 23:58:14.337197,Mumbai,31052.54,Credit Card,0
1cefe42c,2026-05-23 23:31:14.337213,Pune,20369.66,Net Banking,0
ad9e1409,2026-05-27 04:26:14.337229,Mumbai,41889.37,UPI,0
bf2fb3d7,2026-05-28 06:28:14.337245,Pune,42120.36,Debit Card,0
39f27d61,2026-05-26 03:55:14.337262,Hyderabad,3352.15,Credit Card,0
0ee2b952,2026-05-26 23:11:14.337281,Mumbai,46148.69,Debit Card,0
72c4513e,2026-05-24 22:23:14.337299,Bangalore,28336.78,Net Banking,0
c5f0106b,2026-05-25 09:11:14.337315,Pune,44547.36,Debit Card,0
18d1423c,2026-05-23 22:22:14.337331,Hyderabad,48453.63,Debit Card,0
dd05c156,2026-05-22 18:48:14.337347,Mumbai,24916.55,Net Banking,0
8ada15d1,2026-05-26 21:59:14.337363,Pune,201.82,UPI,0
d7d8a291,2026-05-26 19:47:14.337378,Delhi,8592.95,Net Banking,0
17139359,2026-05-25 13:53:14.337394,Bangalore,24306.49,UPI,0
39a0bb6c,2026-05-27 17:19:14.337410,Delhi,10380.59,Credit Card,0
28e70946,2026-05-29 05:31:14.337426,Pune,25099.21,Credit Card,0
70c55d86,2026-05-27 02:35:14.337442,Mumbai,36405.31,Debit Card,0
3bc40e10,2026-05-24 17:32:14.337463,Bangalore,9155.12,UPI,0
83feb17f,2026-05-23 21:22:14.337484,Pune,9925.21,Debit Card,1
8fa8b0c3,2026-05-24 10:34:14.337505,Pune,39170.2,UPI,0
674399f9,2026-05-28 02:25:14.337521,Hyderabad,3381.85,UPI,0
3d4814a0,2026-05-24 03:43:14.337538,Bangalore,26654.09,UPI,0
53667ac1,2026-05-25 21:39:14.337555,Bangalore,5012.25,Debit Card,0
88d6b21d,2026-05-28 19:38:14.337571,Hyderabad,25612.69,Credit Card,0
86c5cf87,2026-05-25 11:56:14.337587,Hyderabad,31510.61,UPI,0
fcdff0d0,2026-05-28 00:57:14.337603,Delhi,5163.44,Debit Card,0
83027ac7,2026-05-25 20:49:14.337619,Mumbai,28948.04,Net Banking,0
2ea9c734,2026-05-25 07:45:14.337635,Bangalore,19381.08,Debit Card,0
9b96afc3,2026-05-24 07:46:14.337653,Hyderabad,39613.45,Net Banking,0
6d13105e,2026-05-27 00:39:14.337673,Hyderabad,45596.13,Credit Card,0
9e9ca2d5,2026-05-26 13:40:14.337689,Delhi,47534.23,Credit Card,0
b322bb6c,2026-05-28 21:00:14.337704,Mumbai,43211.86,UPI,0
1ac897a7,2026-05-23 11:13:14.337720,Delhi,5434.03,UPI,0
e582deb0,2026-05-28 10:26:14.337740,Delhi,26989.73,Debit Card,0
382935e7,2026-05-24 20:55:14.337757,Pune,7050.41,Net Banking,0
47b15641,2026-05-27 19:27:14.337773,Delhi,26334.06,UPI,0
a4c7ae1d,2026-05-23 16:23:14.337789,Mumbai,20529.27,Debit Card,0
e8a550e9,2026-05-25 20:20:14.337805,Hyderabad,45182.05,UPI,0
e8480d03,2026-05-28 16:04:14.337821,Bangalore,37750.83,Net Banking,0
83dd9220,2026-05-29 04:24:14.337843,Pune,23013.26,Debit Card,0
9d57d115,2026-05-28 07:30:14.337863,Bangalore,34001.33,Credit Card,0
ca70d66d,2026-05-24 01:47:14.337884,Pune,8869.63,UPI,0
4615416b,2026-05-24 19:35:14.337900,Bangalore,29554.51,UPI,0
5e3c987c,2026-05-26 22:59:14.337916,Delhi,4376.55,Debit Card,0
52d1548c,2026-05-27 14:54:14.337932,Delhi,42715.4,Net Banking,0
ae353a31,2026-05-26 13:13:14.337948,Pune,36256.63,Credit Card,0
83c55a70,2026-05-25 14:47:14.337964,Hyderabad,37069.59,Credit Card,1
2a9cc382,2026-05-28 20:26:14.337981,Hyderabad,18187.06,UPI,0
aee7eed5,2026-05-24 00:39:14.337996,Delhi,36891.4,UPI,0
83764dbf,2026-05-25 22:30:14.338012,Mumbai,42644.36,Credit Card,0
360a4456,2026-05-25 07:07:14.338028,Hyderabad,28127.16,UPI,0
cba70717,2026-05-24 20:11:14.338047,Bangalore,22922.83,Debit Card,0
853da809,2026-05-24 19:32:14.338065,Hyderabad,46736.76,Credit Card,0
2f77e554,2026-05-23 00:10:14.338081,Pune,27111.29,Credit Card,0
dfe987f8,2026-05-25 11:34:14.338097,Mumbai,37933.37,Net Banking,0
697ca250,2026-05-25 10:24:14.338116,Mumbai,25173.73,Debit Card,0
77bd4341,2026-05-28 07:33:14.338134,Pune,29149.46,UPI,0
cea2574e,2026-05-26 13:52:14.338152,Hyderabad,20805.45,Debit Card,0
2e5b986d,2026-05-28 00:33:14.338173,Bangalore,2272.82,UPI,0
28e17654,2026-05-28 22:19:14.338189,Mumbai,23894.61,UPI,0
43924d86,2026-05-23 21:53:14.338208,Hyderabad,15340.21,UPI,0
8a0edffb,2026-05-23 02:29:14.338225,Mumbai,42940.99,Credit Card,0
39bdaf89,2026-05-28 16:47:14.338241,Delhi,13574.3,Credit Card,0
c076939c,2026-05-28 13:57:14.338257,Pune,3347.79,UPI,0
45bd94b4,2026-05-28 22:21:14.338273,Delhi,1833.34,Credit Card,0
a06dd2c2,2026-05-23 03:55:14.338295,Bangalore,39928.65,Debit Card,0
c784dc7f,2026-05-29 07:37:14.338314,Hyderabad,29115.5,UPI,1
c1e38a6f,2026-05-24 11:09:14.338330,Mumbai,32826.4,UPI,0
a49aebfe,2026-05-27 19:18:14.338346,Pune,37347.62,Net Banking,0
d136eb3c,2026-05-23 18:20:14.338362,Bangalore,12005.22,Credit Card,0
17b9d681,2026-05-23 09:28:14.338378,Pune,44931.97,Net Banking,0
eb13b97d,2026-05-23 13:04:14.338397,Hyderabad,6258.04,Net Banking,0
ac4e34b8,2026-05-24 18:48:14.338417,Mumbai,28810.23,Net Banking,0
8bec60f9,2026-05-26 21:16:14.338437,Delhi,46588.91,Credit Card,0
36fe3918,2026-05-22 18:30:14.338453,Hyderabad,45891.49,Net Banking,0
87fd631c,2026-05-24 22:01:14.338469,Bangalore,7438.36,Debit Card,0
aa9576e6,2026-05-24 03:36:14.338485,Pune,12839.65,Credit Card,0
a6bf03c1,2026-05-23 08:51:14.338501,Delhi,14678.01,Net Banking,0
3878dede,2026-05-24 01:46:14.338521,Delhi,23107.73,UPI,0
73f430cd,2026-05-26 11:40:14.338537,Mumbai,3076.61,UPI,0
d66a7922,2026-05-23 15:36:14.338556,Pune,35417.18,Net Banking,0
fa663150,2026-05-28 02:06:14.338574,Bangalore,19786.19,Debit Card,0
0fb4e838,2026-05-25 23:40:14.338591,Pune,19454.51,Net Banking,0
3bc350f9,2026-05-26 18:29:14.338607,Mumbai,28070.51,UPI,0
82f93ea6,2026-05-23 16:57:14.338624,Bangalore,8306.74,Net Banking,0
16ba5292,2026-05-27 20:05:14.338641,Delhi,28905.77,Credit Card,0
698c5acc,2026-05-25 06:56:14.338657,Pune,15769.53,Net Banking,0
2a0f12f4,2026-05-25 05:10:14.338676,Mumbai,7511.66,Debit Card,0
73f45108,2026-05-29 07:23:14.338693,Delhi,45109.2,Debit Card,0
2302a7b6,2026-05-23 17:53:14.338709,Pune,5571.01,Net Banking,0
2b66f8cc,2026-05-27 03:03:14.338725,Pune,24672.51,UPI,0
3f564a2a,2026-05-22 16:54:14.338741,Bangalore,29974.4,UPI,0
57891558,2026-05-28 23:14:14.338757,Delhi,36813.18,Net Banking,0
e1e8d666,2026-05-25 17:33:14.338775,Bangalore,8435.71,Credit Card,0
0da6e387,2026-05-25 11:01:14.338792,Hyderabad,48977.94,Credit Card,0
2493cf6d,2026-05-26 06:10:14.338807,Bangalore,35123.94,Net Banking,0
9314e570,2026-05-26 10:36:14.338823,Pune,426.69,UPI,0
876767ce,2026-05-25 16:47:14.338844,Pune,12186.16,Debit Card,0
9e643a85,2026-05-25 07:14:14.338860,Mumbai,49349.32,Credit Card,0
fd9b4516,2026-05-24 23:35:14.338879,Pune,13289.34,Credit Card,0
98fa0f1e,2026-05-26 15:07:14.338897,Pune,28117.82,Debit Card,0
a570d299,2026-05-28 14:42:14.338913,Bangalore,44495.84,UPI,0
0d5869a1,2026-05-27 01:26:14.338930,Bangalore,35549.26,Credit Card,0
00e95fa5,2026-05-27 12:52:14.338951,Bangalore,28924.58,Net Banking,0
a908f387,2026-05-22 17:20:14.338968,Mumbai,6881.98,UPI,0
0a414a7e,2026-05-24 07:42:14.338985,Hyderabad,40343.8,Debit Card,0
ebe13ee3,2026-05-27 22:28:14.339005,Delhi,2973.94,Credit Card,0
c68f22ef,2026-05-23 11:31:14.339022,Bangalore,11604.85,UPI,0
0a6fdfc9,2026-05-26 09:08:14.339040,Bangalore,10649.59,Credit Card,1
f25e52ef,2026-05-29 06:51:14.339057,Hyderabad,25009.98,Net Banking,0
bf1aaf28,2026-05-29 00:29:14.339073,Hyderabad,42482.66,Net Banking,0
f3695256,2026-05-26 23:36:14.339092,Pune,27300.74,UPI,0
d974950b,2026-05-28 17:13:14.339110,Bangalore,42052.73,Debit Card,0
7e6d65fe,2026-05-28 23:49:14.339127,Pune,42345.99,UPI,0
a9adcb9b,2026-05-23 12:44:14.339143,Hyderabad,30704.12,Net Banking,0
fa075f5b,2026-05-24 12:10:14.339159,Mumbai,49888.7,Debit Card,0
eb4185d0,2026-05-26 18:50:14.339178,Delhi,40865.16,Debit Card,0
cf4b8183,2026-05-29 00:41:14.339199,Pune,20021.09,UPI,0
59e20687,2026-05-24 02:45:14.339216,Hyderabad,4521.33,Credit Card,0
ad3de68f,2026-05-26 22:37:14.339232,Hyderabad,28344.9,Net Banking,0
39a535c7,2026-05-26 03:28:14.339247,Pune,7690.67,Net Banking,0
9ba433af,2026-05-29 08:14:14.339265,Delhi,8149.77,Credit Card,0
eb1c36be,2026-05-27 23:03:14.339282,Hyderabad,11983.95,Credit Card,0
65bc6243,2026-05-27 15:50:14.339299,Pune,9059.76,Net Banking,0
fbf6ac52,2026-05-27 10:14:14.339314,Bangalore,41568.13,UPI,0
37f04768,2026-05-22 20:08:14.339329,Hyderabad,47900.05,Net Banking,0
9465ba38,2026-05-27 19:30:14.339345,Delhi,7695.11,UPI,0
1411381e,2026-05-24 10:28:14.339361,Pune,17978.0,Debit Card,0
14e747d5,2026-05-25 17:12:14.339376,Mumbai,7732.62,UPI,0
729d8ebf,2026-05-23 11:25:14.339391,Bangalore,14695.58,Debit Card,0
0962cf7a,2026-05-28 23:25:14.339411,Pune,36151.41,UPI,0
f4d05282,2026-05-25 07:27:14.339428,Hyderabad,4000.67,Debit Card,0
ca1d2cfd,2026-05-28 23:37:14.339444,Mumbai,43161.45,Debit Card,0
f9708aae,2026-05-27 15:48:14.339460,Mumbai,24158.55,Debit Card,0
8a73fdd5,2026-05-26 03:24:14.339478,Delhi,1566.36,Debit Card,0
06a31f20,2026-05-27 14:01:14.339496,Delhi,24459.4,UPI,0
48fcb824,2026-05-25 08:29:14.339516,Delhi,44960.39,Net Banking,0
ebc77b92,2026-05-27 02:03:14.339534,Hyderabad,48307.97,Credit Card,0
8fc193f3,2026-05-27 07:14:14.339549,Hyderabad,23251.49,Net Banking,0
c9e7ce30,2026-05-24 22:07:14.339568,Hyderabad,33242.31,Debit Card,0
7f0f2786,2026-05-24 07:37:14.339585,Mumbai,17545.63,UPI,0
660f1dfc,2026-05-28 11:29:14.339602,Delhi,25752.68,UPI,0
e7d72c97,2026-05-24 19:01:14.339618,Delhi,11762.55,Debit Card,1
c08c7c35,2026-05-28 04:25:14.339637,Mumbai,29338.8,Net Banking,0
caddd77d,2026-05-24 01:20:14.339655,Hyderabad,13603.23,Credit Card,0
571244b8,2026-05-23 11:31:14.339671,Mumbai,43908.95,UPI,1
2142705a,2026-05-28 07:04:14.339688,Pune,622.63,Credit Card,0
5f4635dc,2026-05-28 12:32:14.339704,Pune,20128.4,Net Banking,0
f556e225,2026-05-27 06:47:14.339722,Delhi,46844.51,UPI,0
4009d4df,2026-05-23 00:18:14.339740,Bangalore,49557.3,Net Banking,0
a5c14eb6,2026-05-23 03:32:14.339759,Mumbai,31089.07,Credit Card,0
fcf7f0dd,2026-05-24 10:05:14.339780,Hyderabad,45931.39,UPI,1
97fa4bb9,2026-05-22 12:20:14.339797,Pune,2680.67,Credit Card,0
6414b946,2026-05-27 14:32:14.339813,Delhi,37620.85,Net Banking,0
7fcceded,2026-05-28 17:13:14.339829,Delhi,43076.03,Net Banking,0
28de878a,2026-05-25 22:05:14.339844,Hyderabad,22094.0,Net Banking,0
66284448,2026-05-28 09:31:14.339868,Mumbai,38156.11,Debit Card,0
f023498e,2026-05-28 21:38:14.339885,Mumbai,14387.07,UPI,0
2c9cf6dc,2026-05-27 04:12:14.339900,Delhi,10165.64,Debit Card,0
8f7b9651,2026-05-28 16:29:14.339916,Mumbai,32246.9,Net Banking,0
5db3926b,2026-05-24 11:13:14.339934,Bangalore,38266.84,UPI,0
60b985b7,2026-05-23 19:24:14.339951,Bangalore,11855.69,Net Banking,0
c41d41b3,2026-05-27 18:16:14.339967,Mumbai,14501.4,Credit Card,0
e6b5d6f0,2026-05-29 09:57:14.339983,Bangalore,4330.11,Debit Card,0
541e65a4,2026-05-22 19:28:14.340003,Pune,17373.74,UPI,0
5001bbf4,2026-05-27 04:55:14.340022,Pune,4613.12,Debit Card,0
caa4b802,2026-05-22 12:02:14.340041,Mumbai,44007.21,UPI,0
5042b5b0,2026-05-24 01:11:14.340058,Bangalore,40501.55,Credit Card,0
96f57602,2026-05-22 19:32:14.340077,Delhi,47412.6,Credit Card,0
48bda2f8,2026-05-23 11:12:14.340094,Pune,44574.37,Credit Card,0
99987082,2026-05-24 19:30:14.340110,Pune,12091.39,Credit Card,0
35ef6ce2,2026-05-25 09:30:14.340125,Mumbai,41791.57,UPI,0
bcc1fb24,2026-05-28 15:22:14.340144,Pune,29168.49,Net Banking,0
322ce5e7,2026-05-23 06:12:14.340161,Bangalore,9502.73,Debit Card,0
6bd8d7c1,2026-05-23 07:42:14.340177,Pune,22561.53,UPI,0
c7e8e0ba,2026-05-27 16:43:14.340196,Hyderabad,18325.25,Credit Card,0
a1c67736,2026-05-25 11:45:14.340216,Pune,38719.55,Debit Card,0
c012aeae,2026-05-28 01:13:14.340233,Mumbai,31043.36,UPI,0
8a82ec06,2026-05-25 05:10:14.340248,Bangalore,33978.77,UPI,0
b564badd,2026-05-23 12:53:14.340264,Mumbai,22831.21,UPI,0
1d728c54,2026-05-28 23:08:14.340279,Pune,24521.81,Credit Card,0
0d5d8567,2026-05-24 04:39:14.340298,Delhi,5639.32,Credit Card,0
528062a9,2026-05-29 09:19:14.340315,Hyderabad,41243.76,Debit Card,0
9b939090,2026-05-27 00:13:14.340331,Pune,6761.44,Credit Card,0
70372bda,2026-05-25 19:48:14.340347,Mumbai,39748.31,Net Banking,0
27a18fc3,2026-05-25 09:49:14.340365,Pune,40203.0,UPI,0
bd99aa5e,2026-05-28 14:35:14.340382,Pune,19975.43,UPI,0
f6fbd725,2026-05-26 17:34:14.340398,Mumbai,40274.87,Debit Card,0
91f4f134,2026-05-24 08:14:14.340413,Bangalore,12299.16,Debit Card,0
f11cb303,2026-05-27 00:19:14.340432,Pune,47529.8,Debit Card,0
f579c648,2026-05-22 20:43:14.340449,Hyderabad,48402.45,UPI,0
6633d005,2026-05-28 04:15:14.340464,Mumbai,30672.33,UPI,0
469028f4,2026-05-25 01:09:14.340480,Bangalore,11174.82,Credit Card,0
afed066f,2026-05-23 17:15:14.340500,Hyderabad,6805.16,UPI,0
39e301f4,2026-05-23 19:04:14.340517,Pune,43479.82,Credit Card,1
25cd8b1e,2026-05-26 10:29:14.340537,Pune,13382.6,Debit Card,0
4cebf347,2026-05-28 14:12:14.340552,Bangalore,38614.87,Credit Card,0
186f3372,2026-05-26 19:54:14.340570,Delhi,48901.26,UPI,0
6aa82f66,2026-05-23 08:13:14.340592,Hyderabad,41616.35,Net Banking,0
0433596a,2026-05-25 14:39:14.340613,Bangalore,21439.75,UPI,0
e3dccc28,2026-05-28 12:07:14.340629,Hyderabad,35341.97,Credit Card,0
f0ae5a61,2026-05-29 03:12:14.340647,Bangalore,28966.83,Credit Card,0
366be047,2026-05-25 09:26:14.340664,Hyderabad,37115.91,UPI,0
380fb367,2026-05-23 21:11:14.340680,Hyderabad,38151.76,Debit Card,0
4ce664e1,2026-05-23 22:19:14.340695,Bangalore,38194.59,Net Banking,0
2fd6635c,2026-05-25 16:52:14.340710,Mumbai,28883.01,Debit Card,1
aa8e7a11,2026-05-26 08:54:14.340728,Pune,20328.81,Credit Card,0
3c07797d,2026-05-28 16:31:14.340746,Mumbai,34790.25,Debit Card,0
f3c2b8c9,2026-05-24 19:49:14.340761,Mumbai,33895.33,Debit Card,0
e4d7dbff,2026-05-27 11:43:14.340777,Delhi,4261.73,Credit Card,0
3f811fb0,2026-05-25 02:51:14.340792,Bangalore,35103.05,Debit Card,0
5313bb2a,2026-05-26 21:25:14.340812,Pune,14333.3,Credit Card,0
1bde86c1,2026-05-23 04:12:14.340830,Hyderabad,41909.28,UPI,0
139dd223,2026-05-24 17:59:14.340845,Delhi,6804.82,UPI,1
125081c8,2026-05-28 17:29:14.340865,Pune,7053.04,Credit Card,0
8295b132,2026-05-27 00:42:14.340884,Mumbai,44353.04,Net Banking,0
dc04f7ea,2026-05-24 14:52:14.340901,Pune,42140.12,Net Banking,0
661dece4,2026-05-28 18:07:14.340917,Bangalore,6131.4,Credit Card,0
9904ee73,2026-05-29 07:49:14.340932,Pune,20456.07,Debit Card,0
564f02b0,2026-05-29 07:13:14.340948,Hyderabad,44718.73,Net Banking,0
085180aa,2026-05-22 19:06:14.340964,Pune,33526.77,UPI,0
f8831afd,2026-05-24 08:17:14.340983,Pune,28900.79,UPI,0
cd4091d0,2026-05-26 01:09:14.341000,Delhi,29224.62,Net Banking,0
b6b13c52,2026-05-27 21:56:14.341016,Bangalore,21055.12,Debit Card,0
979417ac,2026-05-23 17:30:14.341032,Delhi,17962.12,Credit Card,0
d1b6cc65,2026-05-22 13:22:14.341052,Mumbai,7731.43,Net Banking,0
e7e2ead2,2026-05-27 02:18:14.341070,Mumbai,16049.43,Credit Card,0
f730377a,2026-05-27 07:51:14.341086,Bangalore,3099.35,Net Banking,0
ac3d9910,2026-05-24 04:24:14.341101,Delhi,18680.35,Debit Card,0
01972ca4,2026-05-27 02:59:14.341117,Pune,19150.82,Debit Card,0
7733239e,2026-05-22 23:37:14.341140,Hyderabad,8404.9,Net Banking,0
cf1031ec,2026-05-26 13:25:14.341162,Mumbai,25443.31,Credit Card,0
f9d886c3,2026-05-26 06:51:14.341178,Hyderabad,37070.24,Net Banking,0
5b020db3,2026-05-25 06:51:14.341198,Pune,15285.38,Credit Card,0
aeef038e,2026-05-22 23:31:14.341220,Mumbai,12956.0,Net Banking,0
97cf58b8,2026-05-27 09:45:14.341236,Pune,2841.2,UPI,0
44a2c7eb,2026-05-26 23:59:14.341254,Mumbai,15230.44,UPI,0
18871b30,2026-05-27 07:59:14.341273,Hyderabad,37265.31,Debit Card,0
866cdf13,2026-05-25 03:45:14.341291,Bangalore,29430.73,Net Banking,0
788390a6,2026-05-27 00:19:14.341308,Hyderabad,49904.89,Net Banking,0
392ce436,2026-05-26 18:16:14.341325,Hyderabad,13053.26,Net Banking,0
f161db5b,2026-05-28 16:02:14.341341,Mumbai,34725.61,Net Banking,0
8f265196,2026-05-27 13:48:14.341357,Bangalore,18093.27,Debit Card,0
26508b9c,2026-05-28 20:54:14.341377,Delhi,32768.08,Net Banking,0
4d37ece9,2026-05-22 17:56:14.341395,Delhi,12738.1,Net Banking,0
df38208e,2026-05-23 13:04:14.341411,Hyderabad,3746.6,UPI,0
fd9a9177,2026-05-27 16:17:14.341427,Delhi,49036.47,Net Banking,1
5ae2fcd5,2026-05-24 06:58:14.341443,Hyderabad,23728.03,UPI,1
a5caca1d,2026-05-27 11:05:14.341459,Bangalore,5831.24,Credit Card,0
83619e91,2026-05-23 14:10:14.341475,Pune,13040.58,Credit Card,0
a7b98d9d,2026-05-27 01:19:14.341491,Mumbai,12700.72,Debit Card,0
072b4950,2026-05-26 15:02:14.341508,Mumbai,28949.17,Net Banking,0
76636acf,2026-05-24 05:24:14.341524,Delhi,2277.99,Net Banking,0
78fc33e0,2026-05-27 23:52:14.341544,Mumbai,40940.15,Net Banking,0
b7358670,2026-05-26 13:31:14.341564,Mumbai,42258.95,Net Banking,0
e1b38200,2026-05-25 07:14:14.341581,Pune,12701.84,UPI,0
7a4be6b4,2026-05-29 02:31:14.341597,Pune,34714.23,Debit Card,0
49446e87,2026-05-23 19:14:14.341614,Hyderabad,31725.79,Credit Card,0
27d48dd8,2026-05-23 17:56:14.341629,Bangalore,7234.51,UPI,0
2fbbcd60,2026-05-28 11:06:14.341645,Hyderabad,49337.98,UPI,0
93a20c7c,2026-05-24 12:26:14.341664,Mumbai,17152.67,Credit Card,0
dc232e2f,2026-05-27 12:07:14.341681,Mumbai,36386.63,Net Banking,0
37aeaa85,2026-05-23 07:32:14.341701,Bangalore,8898.81,Net Banking,0
316ddbed,2026-05-28 19:31:14.341722,Mumbai,16465.86,Debit Card,0
fba61e43,2026-05-27 09:29:14.341739,Hyderabad,9570.45,Debit Card,0
02532ed9,2026-05-26 16:58:14.341756,Mumbai,26361.72,UPI,0
100b3df7,2026-05-28 14:39:14.341772,Delhi,34995.66,Net Banking,0
dd10d36e,2026-05-28 02:13:14.341788,Mumbai,26325.34,Debit Card,1
26b55253,2026-05-28 13:36:14.341804,Mumbai,7176.03,UPI,0
1f016a45,2026-05-23 01:49:14.341820,Bangalore,15293.1,Net Banking,0
1cbab751,2026-05-22 22:16:14.341840,Delhi,45421.47,Debit Card,0
a5363575,2026-05-28 04:24:14.341858,Delhi,44260.48,UPI,1
d35056b0,2026-05-24 22:12:14.341875,Delhi,18720.68,Debit Card,0
613725c6,2026-05-26 07:23:14.341896,Mumbai,10896.26,Net Banking,0
c2303c62,2026-05-28 05:05:14.341913,Bangalore,12830.64,Credit Card,0
f71aa95a,2026-05-23 14:35:14.341929,Bangalore,44321.57,Debit Card,0
44cf61fd,2026-05-24 05:41:14.341945,Mumbai,7255.94,Credit Card,0
aded72c3,2026-05-23 07:38:14.341961,Delhi,13046.06,UPI,0
5097f660,2026-05-22 21:47:14.341980,Pune,14817.88,Net Banking,0
99ec6317,2026-05-26 05:39:14.341998,Pune,7684.68,UPI,0
e859586c,2026-05-27 18:55:14.342014,Hyderabad,35117.93,Net Banking,0
2f45a474,2026-05-23 22:55:14.342030,Pune,4794.3,Debit Card,0
b0ba6087,2026-05-23 12:09:14.342046,Hyderabad,32852.12,Credit Card,0
aa19d46f,2026-05-28 11:50:14.342065,Delhi,43321.63,Credit Card,0
cf68046d,2026-05-26 11:51:14.342082,Mumbai,26073.2,Credit Card,0
ae2d97bb,2026-05-27 01:30:14.342098,Bangalore,39783.81,Debit Card,0
8ff112ba,2026-05-26 03:50:14.342114,Bangalore,11003.7,Net Banking,1
a36b3d3f,2026-05-27 05:26:14.342130,Delhi,37668.63,Net Banking,0
bc24c254,2026-05-23 17:45:14.342148,Mumbai,32664.51,Net Banking,0
da70b045,2026-05-25 00:20:14.342166,Mumbai,5180.6,Net Banking,0
d6140e6e,2026-05-25 00:13:14.342181,Hyderabad,20627.26,Net Banking,0
300b945d,2026-05-28 18:07:14.342197,Mumbai,48227.98,Net Banking,0
722b8348,2026-05-26 04:48:14.342217,Mumbai,5535.91,Net Banking,0
8e4b2d61,2026-05-22 15:04:14.342233,Delhi,18327.81,Debit Card,0
ef71e057,2026-05-27 07:42:14.342252,Mumbai,39661.96,UPI,0
7ae84a45,2026-05-24 04:11:14.342269,Pune,25549.47,UPI,0
dd67263e,2026-05-29 04:15:14.342285,Pune,22822.5,Debit Card,0
51855039,2026-05-25 08:26:14.342300,Delhi,39155.31,Net Banking,0
e2523d20,2026-05-28 03:20:14.342316,Bangalore,30823.26,Net Banking,0
3f0f2392,2026-05-27 18:59:14.342331,Mumbai,21725.21,Credit Card,0
e1459054,2026-05-25 01:33:14.342347,Delhi,46907.07,Debit Card,0
aee2d86e,2026-05-22 15:52:14.342363,Delhi,20371.37,UPI,0
c8809c3a,2026-05-28 05:12:14.342379,Delhi,33241.9,Net Banking,0
182b9816,2026-05-26 02:09:14.342396,Mumbai,18339.95,Net Banking,0
402f45af,2026-05-24 00:22:14.342413,Delhi,42460.53,Net Banking,0
c137349f,2026-05-24 23:18:14.342432,Delhi,45758.17,Net Banking,0
2896297e,2026-05-28 15:36:14.342449,Delhi,34736.16,Credit Card,0
9bd50838,2026-05-25 02:10:14.342465,Delhi,36245.74,Net Banking,0
0abeb4e4,2026-05-26 21:36:14.342482,Bangalore,10138.57,UPI,0
6cb12f88,2026-05-24 00:04:14.342502,Bangalore,9272.65,Credit Card,0
bd4817d9,2026-05-28 08:03:14.342519,Mumbai,33604.2,Credit Card,0
341c3728,2026-05-28 12:44:14.342535,Bangalore,48072.9,Net Banking,0
514763f0,2026-05-28 22:02:14.342556,Mumbai,49068.55,Credit Card,0
09fca87c,2026-05-28 12:42:14.342575,Mumbai,15388.41,Debit Card,0
8f4a6069,2026-05-24 03:29:14.342592,Mumbai,43807.73,Debit Card,0
ecdc5af7,2026-05-23 15:39:14.342609,Bangalore,40355.35,UPI,0
ff6da550,2026-05-27 04:11:14.342624,Bangalore,16223.28,Debit Card,0
b70973d2,2026-05-26 17:08:14.342644,Pune,18183.06,Net Banking,0
8b968b54,2026-05-25 05:53:14.342661,Delhi,9420.71,Debit Card,0
f782ef47,2026-05-25 20:19:14.342678,Mumbai,34793.54,Debit Card,0
d854c1ca,2026-05-26 20:38:14.342701,Hyderabad,18328.99,Debit Card,0
ae119712,2026-05-27 17:38:14.342719,Mumbai,27237.72,Credit Card,0
34a6b426,2026-05-28 21:01:14.342735,Delhi,16955.06,Credit Card,0
228e700f,2026-05-22 16:45:14.342751,Bangalore,38490.7,UPI,0
9db4d367,2026-05-28 19:42:14.342767,Delhi,34436.21,Debit Card,0
a302ebd6,2026-05-26 16:58:14.342783,Hyderabad,10012.2,Debit Card,0
9e6aa21c,2026-05-26 07:02:14.342802,Delhi,39158.2,Credit Card,0
79e0de0b,2026-05-25 01:31:14.342819,Mumbai,6123.91,UPI,1
43a9c3a4,2026-05-27 09:50:14.342835,Mumbai,7083.44,Net Banking,1
96aed074,2026-05-28 15:19:14.342851,Mumbai,12137.49,Net Banking,0
ac59d8eb,2026-05-27 13:08:14.342870,Pune,18713.87,Debit Card,0
0d385295,2026-05-28 23:28:14.342892,Pune,44874.7,Credit Card,0
3d190f9a,2026-05-23 07:44:14.342908,Mumbai,1313.44,Credit Card,0
2c1b7142,2026-05-27 02:02:14.342925,Pune,479.67,Credit Card,0
c7e49450,2026-05-24 01:42:14.342941,Bangalore,15215.33,Credit Card,0
da1556b2,2026-05-27 09:52:14.342960,Hyderabad,34494.67,Net Banking,0
cf71ce1e,2026-05-22 12:28:14.342977,Delhi,15286.41,Credit Card,0
82c22dde,2026-05-22 16:13:14.342993,Mumbai,12315.51,Debit Card,0
9a264c33,2026-05-22 19:26:14.343010,Pune,33511.09,Credit Card,0
df5c7e72,2026-05-29 02:57:14.343029,Hyderabad,22447.76,UPI,0
3bc5d889,2026-05-24 07:16:14.343046,Delhi,15670.22,UPI,0
319f0596,2026-05-27 02:03:14.343062,Hyderabad,37835.85,Debit Card,0
63d2b510,2026-05-28 04:29:14.343078,Hyderabad,40890.09,Debit Card,0
4d62657b,2026-05-22 15:03:14.343097,Pune,9034.39,UPI,0
3c5a4e92,2026-05-28 20:31:14.343114,Bangalore,48644.53,Credit Card,0
9b363f4d,2026-05-22 15:55:14.343130,Bangalore,27861.21,Credit Card,0
0e6497d7,2026-05-28 16:57:14.343147,Pune,19121.31,Net Banking,0
623cf256,2026-05-25 13:29:14.343165,Hyderabad,3067.25,Net Banking,0
328237c9,2026-05-23 18:59:14.343183,Delhi,36364.28,UPI,0
9c086daa,2026-05-22 19:38:14.343199,Delhi,23740.47,Net Banking,0
6a6b801f,2026-05-27 07:51:14.343215,Bangalore,47189.68,UPI,0
bf3bf74e,2026-05-29 06:55:14.343240,Bangalore,8316.99,Credit Card,0
9d2f6bf6,2026-05-26 00:26:14.343258,Delhi,31305.82,UPI,0
9d4a453d,2026-05-28 23:55:14.343274,Pune,38539.06,UPI,0
ba4b36c3,2026-05-28 21:12:14.343290,Hyderabad,8914.77,Credit Card,0
df8aeedf,2026-05-25 17:38:14.343309,Hyderabad,3536.44,Net Banking,0
532fb59b,2026-05-27 01:44:14.343326,Mumbai,543.36,Net Banking,0
53daff6a,2026-05-27 12:51:14.343342,Pune,24026.72,Credit Card,0
a522776e,2026-05-27 01:17:14.343366,Mumbai,29664.2,Debit Card,0
15b3a79a,2026-05-26 02:24:14.343388,Hyderabad,35115.67,Net Banking,0
fd1f12ae,2026-05-24 02:50:14.343404,Pune,33699.38,Debit Card,0
42950aef,2026-05-23 02:33:14.343421,Mumbai,39203.0,Debit Card,0
7086dd87,2026-05-26 01:04:14.343440,Bangalore,16480.14,Net Banking,0
435798fb,2026-05-25 23:46:14.343457,Pune,26892.66,Debit Card,0
f5c90320,2026-05-26 04:55:14.343473,Pune,25033.78,Net Banking,0
9c124532,2026-05-29 00:28:14.343490,Delhi,9219.73,UPI,0
8e59b054,2026-05-23 07:55:14.343508,Bangalore,38969.54,Credit Card,0
bfb87f22,2026-05-27 19:50:14.343525,Bangalore,3275.64,UPI,0
bfd3a6a4,2026-05-22 15:03:14.343541,Hyderabad,28591.5,Net Banking,0
17ba4f1b,2026-05-24 02:43:14.343557,Bangalore,22249.34,Net Banking,0
0eb7e855,2026-05-28 07:27:14.343583,Mumbai,1532.11,Net Banking,0
a8915d62,2026-05-27 18:04:14.343601,Hyderabad,32090.38,Debit Card,0
10afe5f4,2026-05-24 02:01:14.343617,Pune,26157.21,Credit Card,0
0431b96c,2026-05-25 19:17:14.343634,Bangalore,49254.27,UPI,0
b13bb089,2026-05-25 22:53:14.343653,Bangalore,14414.16,Credit Card,0
e80a8246,2026-05-25 07:51:14.343670,Bangalore,39925.01,Net Banking,0
8a9318d9,2026-05-27 08:59:14.343686,Delhi,39876.35,Credit Card,0
b74f9739,2026-05-22 13:33:14.343702,Pune,44220.88,Net Banking,0
ce8a24b4,2026-05-24 19:41:14.343721,Bangalore,13511.18,Credit Card,0
4e7eb6b1,2026-05-23 20:36:14.343739,Delhi,16462.95,UPI,0
dd39a2bf,2026-05-27 17:38:14.343755,Bangalore,21866.72,Net Banking,0
d454bbe7,2026-05-28 07:47:14.343771,Delhi,33276.28,Net Banking,0
2e7bf210,2026-05-26 07:15:14.343790,Pune,36320.66,Net Banking,0
401a52d5,2026-05-29 00:55:14.343807,Delhi,28348.55,Credit Card,1
e3a5ada2,2026-05-24 04:27:14.343823,Mumbai,32071.58,Debit Card,0
f1ddd3ab,2026-05-22 17:36:14.343839,Hyderabad,18619.99,UPI,0
5280af5f,2026-05-27 23:40:14.343857,Delhi,39993.69,UPI,0
f0b31f91,2026-05-24 16:00:14.343875,Bangalore,27688.51,Debit Card,0
27f6bafb,2026-05-24 21:38:14.343891,Bangalore,43376.84,UPI,0
c5df8bf7,2026-05-23 04:05:14.343910,Pune,14817.59,Debit Card,0
ebaa2cef,2026-05-22 19:10:14.343933,Bangalore,26033.46,Debit Card,0
b90d8d7b,2026-05-24 03:47:14.343950,Mumbai,5876.11,Net Banking,0
71235d3f,2026-05-27 15:40:14.343965,Hyderabad,49950.49,UPI,0
fe0853a2,2026-05-23 20:57:14.343981,Hyderabad,38773.77,UPI,0
07460e53,2026-05-27 22:43:14.343999,Bangalore,43374.24,UPI,0
f2bb459b,2026-05-23 10:16:14.344016,Pune,25298.28,Debit Card,0
adcb695d,2026-05-27 06:54:14.344031,Hyderabad,17353.92,UPI,0
ae0df066,2026-05-23 21:07:14.344047,Pune,650.59,Debit Card,0
bb296c64,2026-05-24 06:43:14.344065,Bangalore,21598.8,UPI,0
643da6b0,2026-05-28 11:03:14.344082,Delhi,12842.47,Net Banking,0
4e7d41f1,2026-05-22 19:34:14.344098,Mumbai,44461.2,UPI,0
47008ec2,2026-05-27 22:30:14.344114,Hyderabad,37799.83,Credit Card,0
5f7b15d5,2026-05-24 13:12:14.344132,Hyderabad,14113.95,Debit Card,0
544bbac6,2026-05-23 19:50:14.344149,Delhi,46094.82,UPI,0
304952c7,2026-05-26 11:08:14.344164,Mumbai,7972.23,UPI,0
2d890317,2026-05-25 20:05:14.344183,Mumbai,2524.97,UPI,0
45c7cad2,2026-05-23 21:32:14.344202,Bangalore,41569.98,Credit Card,0
480ba660,2026-05-24 03:12:14.344219,Pune,22085.07,Debit Card,0
f68a3184,2026-05-28 22:26:14.344235,Delhi,25572.11,Net Banking,0
3f8c0d57,2026-05-26 07:05:14.344255,Delhi,23824.97,UPI,0
92976243,2026-05-25 01:59:14.344273,Mumbai,33697.17,UPI,0
8450087e,2026-05-22 23:09:14.344290,Mumbai,2495.22,UPI,0
c7eac5d4,2026-05-23 00:35:14.344306,Pune,23451.82,Credit Card,0
072e0edb,2026-05-27 20:08:14.344323,Mumbai,18854.75,Debit Card,0
64f11bf0,2026-05-24 05:16:14.344341,Mumbai,36239.86,Net Banking,0
6e8cba79,2026-05-22 21:59:14.344358,Mumbai,23392.64,Credit Card,0
2261dccf,2026-05-24 00:14:14.344374,Mumbai,40102.72,Net Banking,0
facc8ccf,2026-05-24 12:37:14.344390,Hyderabad,26223.12,Debit Card,0
e5d8c824,2026-05-25 22:19:14.344406,Mumbai,40583.01,Debit Card,0
f0411623,2026-05-23 18:30:14.344424,Mumbai,2610.13,Debit Card,0
ddcd3ca7,2026-05-28 18:27:14.344441,Delhi,32162.93,Credit Card,0
2959c35b,2026-05-26 14:02:14.344462,Pune,17022.37,UPI,0
bb32d0c7,2026-05-27 14:50:14.344482,Hyderabad,27899.5,UPI,0
023a2f99,2026-05-27 18:24:14.344501,Delhi,6946.29,Net Banking,0
cabc6864,2026-05-28 03:04:14.344517,Bangalore,3176.91,Net Banking,0
9e3cc956,2026-05-25 15:20:14.344534,Hyderabad,47356.92,Debit Card,0
87f25bf4,2026-05-26 06:42:14.344552,Delhi,49046.02,Net Banking,0
dd8bfa7b,2026-05-24 10:24:14.344569,Hyderabad,11715.01,Debit Card,0
75126228,2026-05-27 21:31:14.344585,Bangalore,16101.08,Credit Card,0
5ecadf89,2026-05-28 17:53:14.344605,Delhi,5511.57,UPI,0
0e954a9e,2026-05-25 01:19:14.344625,Delhi,3477.04,Net Banking,0
385584e3,2026-05-23 22:15:14.344642,Bangalore,38774.48,UPI,0
5698f0b4,2026-05-23 11:03:14.344657,Mumbai,42300.26,Net Banking,0
0d167799,2026-05-26 19:39:14.344674,Mumbai,40780.73,Net Banking,0
4f6a3b7f,2026-05-22 18:54:14.344693,Hyderabad,7201.71,Debit Card,0
6ad2e924,2026-05-23 16:20:14.344711,Mumbai,48279.09,Debit Card,0
96b9fc3d,2026-05-24 12:30:14.344726,Pune,8429.53,Credit Card,0
d96d0172,2026-05-28 09:25:14.344743,Mumbai,33257.6,UPI,0
3ecba98e,2026-05-23 01:50:14.344762,Delhi,27751.24,UPI,0
7f69e162,2026-05-28 15:18:14.344779,Bangalore,34269.35,Debit Card,1
62e8d7da,2026-05-23 05:21:14.344795,Pune,14705.43,Net Banking,0
3ee1f556,2026-05-23 23:31:14.344810,Hyderabad,12942.3,UPI,0
9d339287,2026-05-29 10:04:14.344828,Bangalore,27973.04,UPI,0
9d00f51a,2026-05-26 12:04:14.344846,Mumbai,20489.23,UPI,0
b1bf6d4a,2026-05-27 17:44:14.344862,Pune,39416.07,Debit Card,0
6bbbf2b4,2026-05-25 23:01:14.344877,Bangalore,37764.15,Credit Card,0
e1ed66d9,2026-05-29 01:30:14.344896,Delhi,10466.19,Credit Card,0
a9b051a2,2026-05-26 15:42:14.344914,Bangalore,42672.08,Credit Card,1
977a374d,2026-05-24 20:57:14.344934,Bangalore,826.04,Debit Card,0
5e66964a,2026-05-23 03:43:14.344950,Bangalore,38730.25,UPI,0
ac7c73b6,2026-05-24 21:19:14.344968,Pune,49802.5,Credit Card,0
7ffa1ead,2026-05-29 02:16:14.344985,Mumbai,22131.41,Credit Card,0
e81145e8,2026-05-22 15:57:14.345001,Mumbai,36918.07,UPI,0
91ba9370,2026-05-28 03:33:14.345023,Pune,26582.08,Debit Card,0
0dea5ce3,2026-05-28 12:11:14.345043,Bangalore,21710.08,Debit Card,0
47e9562c,2026-05-27 19:32:14.345059,Mumbai,40195.64,Debit Card,0
740b723a,2026-05-27 03:05:14.345074,Pune,27910.14,UPI,0
e432355d,2026-05-27 13:31:14.345089,Bangalore,41307.7,Debit Card,0
0f5677b4,2026-05-28 21:26:14.345108,Bangalore,16771.12,Debit Card,0
a442fcc5,2026-05-28 09:24:14.345125,Bangalore,13844.2,Debit Card,0
4c3ebfcc,2026-05-22 22:17:14.345141,Mumbai,49835.29,Net Banking,0
c8c49c11,2026-05-29 09:21:14.345156,Mumbai,6226.79,UPI,0
32a1e24a,2026-05-26 16:58:14.345175,Mumbai,2850.27,Net Banking,0
f71c488d,2026-05-24 17:06:14.345192,Bangalore,31291.26,Net Banking,0
0f12de61,2026-05-23 09:00:14.345208,Mumbai,32355.52,Debit Card,0
7946969e,2026-05-27 21:17:14.345224,Mumbai,14421.2,Debit Card,0
684ef810,2026-05-24 14:00:14.345244,Bangalore,37013.32,Credit Card,0
35a9f8e6,2026-05-23 03:33:14.345262,Mumbai,8495.42,Debit Card,0
c8cf1a74,2026-05-29 06:53:14.345282,Pune,48531.7,Net Banking,0
eb5ba06f,2026-05-26 10:17:14.345299,Bangalore,35443.87,Debit Card,0
43a2f854,2026-05-23 07:25:14.345318,Delhi,38818.57,UPI,0
fed40359,2026-05-25 18:23:14.345335,Bangalore,49113.84,UPI,0
e53510c8,2026-05-26 10:38:14.345351,Mumbai,30633.93,Credit Card,0
31ef0bd3,2026-05-23 06:20:14.345366,Delhi,9499.11,Debit Card,0
18f33892,2026-05-28 22:02:14.345384,Delhi,23011.65,Credit Card,0
07a8e6a6,2026-05-22 23:32:14.345402,Pune,6272.73,Debit Card,0
b8828b8a,2026-05-26 03:32:14.345417,Bangalore,38507.88,Credit Card,0
23de2436,2026-05-24 12:27:14.345433,Bangalore,5097.72,Credit Card,0
7f259e3d,2026-05-27 10:55:14.345451,Mumbai,7781.65,Debit Card,0
4a38f371,2026-05-27 13:25:14.345468,Delhi,36222.79,Net Banking,0
c4c18619,2026-05-28 20:41:14.345483,Delhi,21250.57,Net Banking,0
cfeceda5,2026-05-24 17:22:14.345499,Mumbai,49536.14,Net Banking,0
1779291d,2026-05-28 00:27:14.345515,Pune,3546.33,Credit Card,0
5ceda18c,2026-05-29 02:09:14.345534,Hyderabad,26267.47,UPI,0
dd1c1997,2026-05-22 21:20:14.345551,Mumbai,12452.89,Credit Card,0
1e10896b,2026-05-28 14:58:14.345572,Mumbai,37469.46,Credit Card,0
84faf715,2026-05-22 19:48:14.345590,Mumbai,20848.09,Credit Card,1
bffd0180,2026-05-27 09:34:14.345616,Bangalore,14888.94,Debit Card,0
3303636a,2026-05-27 13:12:14.345632,Bangalore,41726.08,Net Banking,0
aeeab7c9,2026-05-25 22:00:14.345648,Hyderabad,32758.25,Net Banking,0
b2ef2861,2026-05-24 07:20:14.345668,Hyderabad,33622.0,UPI,0
09c11e9d,2026-05-28 04:46:14.345688,Delhi,37116.07,UPI,0
26576d7c,2026-05-26 08:23:14.345704,Delhi,36651.41,Credit Card,0
7d244c64,2026-05-22 18:16:14.345720,Pune,13913.17,Net Banking,0
40e8afc9,2026-05-23 13:07:14.345764,Mumbai,42030.0,UPI,0
ca275feb,2026-05-26 20:47:14.345781,Hyderabad,8406.77,Debit Card,0
80d25a63,2026-05-29 02:57:14.345796,Hyderabad,17197.69,Net Banking,0
0997999c,2026-05-23 16:09:14.345815,Mumbai,36969.9,Credit Card,0
94790c69,2026-05-26 14:25:14.345833,Bangalore,4201.58,Net Banking,0
a4569164,2026-05-26 09:53:14.345848,Bangalore,37172.94,Net Banking,0
1359881e,2026-05-24 20:36:14.345867,Bangalore,41749.97,Net Banking,0
b1ceaf8d,2026-05-25 09:11:14.345884,Bangalore,17769.02,Debit Card,0
7ce7d1d9,2026-05-23 02:16:14.345899,Delhi,11454.05,Net Banking,0
7e1eea1e,2026-05-23 00:42:14.345914,Pune,26112.25,Debit Card,0
6313532b,2026-05-23 12:01:14.345934,Mumbai,32644.3,UPI,0
4b342384,2026-05-29 00:01:14.345951,Delhi,44358.65,Credit Card,0
aa1aeb93,2026-05-25 01:08:14.345967,Pune,40028.47,Net Banking,0
3ad16d71,2026-05-28 06:37:14.345987,Pune,599.06,Net Banking,0
43b8a510,2026-05-22 12:36:14.346006,Mumbai,41598.76,Debit Card,0
9f527991,2026-05-24 11:33:14.346023,Delhi,19492.71,Credit Card,0
2a2b51f3,2026-05-25 16:53:14.346039,Mumbai,46228.22,Net Banking,0
3d878d6e,2026-05-23 02:20:14.346054,Bangalore,22730.54,Net Banking,0
126cb847,2026-05-24 04:20:14.346075,Hyderabad,10578.14,Debit Card,0
7c4f76b8,2026-05-23 14:20:14.346092,Mumbai,11789.43,UPI,0
71f58022,2026-05-23 02:55:14.346108,Bangalore,47551.52,Net Banking,0
ca1f9026,2026-05-24 19:48:14.346123,Mumbai,4846.45,UPI,0
4d835261,2026-05-26 05:38:14.346142,Pune,30799.86,Net Banking,0
f4610ee2,2026-05-24 13:35:14.346162,Mumbai,20286.62,Net Banking,0
41dca794,2026-05-26 15:50:14.346179,Pune,18988.09,Credit Card,0
d897da2e,2026-05-28 21:36:14.346195,Bangalore,15331.73,Debit Card,0
60e4dda4,2026-05-27 03:39:14.346214,Mumbai,3764.6,Credit Card,0
fca62500,2026-05-25 05:17:14.346231,Bangalore,33633.72,Net Banking,0
00cb32ea,2026-05-22 17:21:14.346247,Delhi,47908.93,Net Banking,0
29cca095,2026-05-28 04:11:14.346263,Hyderabad,48273.72,Credit Card,0
1007c517,2026-05-23 15:36:14.346286,Pune,17799.47,Credit Card,0
d2a9116c,2026-05-27 09:11:14.346304,Mumbai,11113.66,UPI,0
1085a831,2026-05-26 07:31:14.346324,Delhi,37407.04,Debit Card,0
344ff666,2026-05-27 00:53:14.346343,Pune,30285.84,Debit Card,0
349161f7,2026-05-22 15:58:14.346360,Delhi,42639.35,Credit Card,0
f9659ce9,2026-05-27 20:08:14.346376,Bangalore,21388.27,Net Banking,0
11218e21,2026-05-28 05:34:14.346392,Pune,27345.14,UPI,0
027828b6,2026-05-25 15:13:14.346411,Bangalore,7779.74,Debit Card,0
58604e2b,2026-05-26 00:56:14.346428,Pune,10298.47,UPI,0
c18f4bb3,2026-05-23 04:49:14.346444,Hyderabad,31921.36,UPI,0
d210a487,2026-05-28 16:27:14.346460,Bangalore,47835.95,Credit Card,0
9b6141ec,2026-05-26 19:37:14.346478,Mumbai,1403.85,Net Banking,0
3a52eb8c,2026-05-28 18:47:14.346495,Mumbai,1217.48,Net Banking,0
7b7ce95c,2026-05-27 16:10:14.346511,Mumbai,6786.91,Debit Card,0
7c926ff9,2026-05-25 11:17:14.346526,Bangalore,34559.56,Net Banking,0
d817e3ab,2026-05-25 07:33:14.346544,Hyderabad,40166.93,UPI,0
3d8ff500,2026-05-22 18:08:14.346561,Hyderabad,40141.41,UPI,0
696785c4,2026-05-29 09:35:14.346577,Delhi,5619.55,Credit Card,0
5b0d4ad4,2026-05-24 01:25:14.346593,Mumbai,41422.0,Net Banking,0
e6446531,2026-05-27 09:56:14.346612,Bangalore,27575.03,Debit Card,0
4378ad0a,2026-05-26 09:37:14.346629,Pune,16212.8,Debit Card,0
4ca1becf,2026-05-27 18:32:14.346645,Pune,13886.33,Debit Card,0
390b6bbf,2026-05-25 13:47:14.346665,Pune,49608.47,UPI,0
a1cb59b9,2026-05-25 10:17:14.346684,Delhi,26895.51,Net Banking,0
0880cee4,2026-05-25 16:14:14.346701,Bangalore,15934.33,UPI,0
7bac51ef,2026-05-23 20:23:14.346720,Bangalore,9613.51,Debit Card,0
5d77869e,2026-05-27 17:50:14.346737,Mumbai,46021.46,Net Banking,0
a7bf8e18,2026-05-27 05:23:14.346755,Delhi,34030.06,Net Banking,0
98cf310e,2026-05-25 22:00:14.346772,Hyderabad,7732.5,UPI,0
e2ff8be8,2026-05-25 09:01:14.346788,Hyderabad,42845.33,Credit Card,0
aad4eb53,2026-05-26 15:16:14.346804,Pune,39338.92,Credit Card,0
9b5cf5e5,2026-05-28 02:22:14.346822,Pune,12384.91,Net Banking,0
ca5490bc,2026-05-28 18:59:14.346839,Mumbai,24942.84,Debit Card,0
5eddac9f,2026-05-22 14:00:14.346856,Bangalore,38980.17,Debit Card,0
9187a900,2026-05-24 10:50:14.346871,Delhi,3401.94,UPI,0
95f560ae,2026-05-24 01:29:14.346886,Mumbai,2795.43,UPI,0
60af7793,2026-05-23 06:58:14.346904,Pune,2834.49,UPI,0
b96847b8,2026-05-25 11:18:14.346921,Bangalore,21895.61,Debit Card,0
4fa0d2ca,2026-05-27 02:59:14.346936,Bangalore,46257.12,UPI,0
e3e36129,2026-05-24 15:16:14.346951,Bangalore,23443.76,UPI,0
aebeeafe,2026-05-25 07:59:14.346969,Delhi,35103.35,UPI,0
cbac9cc8,2026-05-22 22:59:14.346990,Bangalore,41356.24,UPI,0
bb808529,2026-05-28 14:30:14.347006,Bangalore,1555.42,UPI,0
fa392403,2026-05-28 17:27:14.347021,Hyderabad,37903.3,Debit Card,0
c7eb072a,2026-05-26 12:19:14.347040,Hyderabad,47668.79,UPI,0
537ee5aa,2026-05-26 17:55:14.347056,Delhi,45092.45,Debit Card,0
f9218051,2026-05-23 13:10:14.347072,Bangalore,45230.74,Net Banking,0
71cadd39,2026-05-26 07:35:14.347089,Delhi,19970.57,Debit Card,1
63929e27,2026-05-26 01:55:14.347107,Bangalore,46657.13,Credit Card,0
9a69d4f0,2026-05-25 07:40:14.347123,Delhi,16987.03,Debit Card,0
8a0c0d63,2026-05-26 22:32:14.347139,Mumbai,10612.41,UPI,1
10847541,2026-05-22 20:05:14.347154,Hyderabad,44709.75,Net Banking,0
44a7e2ca,2026-05-23 03:58:14.347209,Hyderabad,37114.39,Debit Card,0
199f4807,2026-05-22 18:21:14.347229,Pune,49113.75,UPI,0
c2033886,2026-05-28 10:59:14.347246,Hyderabad,19611.31,UPI,0
82c5a65b,2026-05-26 00:14:14.347266,Pune,3780.67,UPI,0
bd8105e1,2026-05-28 08:55:14.347284,Mumbai,35240.7,UPI,0
87fd7c0b,2026-05-24 10:35:14.347303,Bangalore,44284.8,Debit Card,0
a545424f,2026-05-28 10:31:14.347319,Bangalore,33177.5,UPI,0
539af227,2026-05-29 01:03:14.347338,Hyderabad,26217.63,UPI,0
ce7c57e5,2026-05-28 15:53:14.347355,Mumbai,3746.55,UPI,0
6df35514,2026-05-25 11:41:14.347375,Hyderabad,28018.39,Credit Card,0
7842f9d3,2026-05-26 11:24:14.347390,Hyderabad,27919.42,UPI,0
97f13a35,2026-05-27 08:44:14.347409,Bangalore,37458.72,Debit Card,0
dfc3d2b5,2026-05-24 06:31:14.347425,Bangalore,3402.49,Net Banking,0
fdf94b55,2026-05-28 01:02:14.347441,Delhi,8718.18,UPI,0
afc3945a,2026-05-25 20:46:14.347457,Mumbai,1327.23,Net Banking,0
d25f8033,2026-05-26 07:28:14.347475,Delhi,723.66,UPI,0
894ab583,2026-05-27 15:24:14.347492,Mumbai,16995.58,Credit Card,0
27b2acde,2026-05-26 07:32:14.347507,Mumbai,47851.86,Net Banking,0
eeb4ce41,2026-05-22 17:44:14.347522,Delhi,25561.51,Credit Card,0
0ef6d9dc,2026-05-23 00:47:14.347541,Hyderabad,42353.14,Debit Card,0
7958c0f9,2026-05-28 17:58:14.347557,Hyderabad,22242.37,Credit Card,0
23c753d2,2026-05-24 08:16:14.347573,Pune,36457.0,UPI,0
7f92ebde,2026-05-25 06:52:14.347588,Pune,18985.07,UPI,0
341460a3,2026-05-27 17:53:14.347606,Hyderabad,6187.38,Credit Card,0
ba3a712b,2026-05-25 03:29:14.347623,Pune,5196.93,UPI,1
96d81273,2026-05-25 09:13:14.347638,Bangalore,2439.8,Net Banking,0
df238471,2026-05-27 15:29:14.347653,Delhi,2387.48,Credit Card,0
1a7ef0e1,2026-05-28 09:13:14.347669,Hyderabad,7315.65,UPI,0
fa559962,2026-05-29 10:16:14.347692,Hyderabad,29888.06,Debit Card,0
a572cfa1,2026-05-24 09:35:14.347709,Pune,28711.36,Debit Card,0
761a6d4b,2026-05-25 01:27:14.347724,Mumbai,24134.33,UPI,0
3e70cfba,2026-05-28 01:50:14.347739,Delhi,7762.99,UPI,0
66b4f1c5,2026-05-23 11:11:14.347758,Bangalore,6996.6,Debit Card,0
6841fdb6,2026-05-25 12:29:14.347775,Pune,24119.34,Net Banking,0
2e23a677,2026-05-27 15:08:14.347790,Mumbai,10349.09,Net Banking,0
143dfb7d,2026-05-24 16:48:14.347805,Delhi,33529.73,Credit Card,0
ef6039e0,2026-05-23 00:31:14.347821,Bangalore,6840.7,Net Banking,0
99024050,2026-05-26 19:10:14.347843,Delhi,14540.48,Debit Card,0
fde6e28a,2026-05-23 05:38:14.347862,Delhi,5595.87,Net Banking,0
0f27174f,2026-05-28 15:52:14.347882,Bangalore,7842.53,Debit Card,0
1b64dab5,2026-05-23 06:11:14.347899,Delhi,13993.72,Debit Card,0
d658ec42,2026-05-26 05:56:14.347919,Hyderabad,14978.67,Credit Card,0
782546ef,2026-05-23 22:59:14.347936,Mumbai,42950.97,Net Banking,0
85c51a76,2026-05-23 01:43:14.347952,Pune,34474.05,Credit Card,0
af22c0f2,2026-05-24 07:03:14.347968,Mumbai,5800.62,UPI,0
ec4005b0,2026-05-22 23:51:14.347983,Delhi,46520.27,Credit Card,0
19917477,2026-05-24 18:53:14.347999,Bangalore,47269.98,Net Banking,0
02af0821,2026-05-25 15:46:14.348015,Hyderabad,27518.8,Debit Card,0
0d732e9d,2026-05-24 01:31:14.348037,Mumbai,34814.91,Debit Card,0
c1daf47e,2026-05-24 19:41:14.348055,Hyderabad,25700.98,UPI,0
ef8e7d19,2026-05-29 05:18:14.348071,Hyderabad,8872.27,Net Banking,0
caa1a797,2026-05-25 05:08:14.348087,Hyderabad,30808.0,Debit Card,0
8cf279b8,2026-05-28 08:32:14.348102,Mumbai,38888.77,Debit Card,0
603375ba,2026-05-26 06:14:14.348117,Hyderabad,34273.93,Net Banking,1
23a8ace8,2026-05-22 18:35:14.348135,Delhi,47300.17,Net Banking,0
22198df1,2026-05-24 18:22:14.348152,Bangalore,28615.23,Credit Card,0
20a3e3c8,2026-05-25 03:50:14.348167,Pune,37317.14,UPI,0
0e46c403,2026-05-27 16:34:14.348184,Delhi,43689.93,Debit Card,0
295399fc,2026-05-28 13:16:14.348202,Pune,20094.86,UPI,1
683b6ae1,2026-05-28 05:52:14.348219,Pune,38457.54,Credit Card,0
74394010,2026-05-28 21:19:14.348234,Mumbai,25798.57,Net Banking,0
dd3a5448,2026-05-24 20:30:14.348252,Mumbai,47187.3,Debit Card,0
8cdaa1ad,2026-05-27 20:16:14.348267,Pune,34939.33,Debit Card,0
931f246d,2026-05-26 06:09:14.348283,Bangalore,2711.31,Net Banking,0
30f22d3c,2026-05-27 01:25:14.348299,Pune,10226.83,UPI,1
1f399289,2026-05-23 15:18:14.348315,Bangalore,542.99,UPI,0
f178f053,2026-05-24 20:55:14.348333,Pune,16212.83,Net Banking,0
3da34356,2026-05-25 06:53:14.348354,Pune,24932.25,UPI,0
4100cd8f,2026-05-23 16:27:14.348373,Bangalore,36949.61,Net Banking,0
1c2780a5,2026-05-24 12:36:14.348390,Hyderabad,38828.24,UPI,0
4bf16a0d,2026-05-26 15:00:14.348408,Delhi,12402.36,UPI,1
d7dfc2b2,2026-05-24 02:24:14.348425,Bangalore,39249.22,Credit Card,0
51eca4d9,2026-05-24 17:00:14.348440,Mumbai,22040.81,Debit Card,1
73ebf856,2026-05-27 10:39:14.348455,Delhi,12401.07,Credit Card,0
f26f1585,2026-05-25 15:03:14.348470,Mumbai,29907.77,Debit Card,0
933b4e20,2026-05-23 00:19:14.348488,Pune,24692.81,Debit Card,0
44ba2c8d,2026-05-26 13:02:14.348505,Bangalore,45505.07,Credit Card,0
f4f51f33,2026-05-22 21:29:14.348520,Bangalore,49766.21,UPI,0
4ef1cd6c,2026-05-25 14:25:14.348535,Delhi,19837.68,Net Banking,0
44f2aa53,2026-05-28 13:20:14.348554,Bangalore,47475.4,Debit Card,0
62b86799,2026-05-29 09:09:14.348571,Mumbai,3810.06,Credit Card,0
77a2d9c0,2026-05-24 17:24:14.348586,Hyderabad,27056.43,UPI,0
3b17f459,2026-05-23 10:54:14.348602,Pune,21355.69,Net Banking,0
ec5cc08d,2026-05-28 16:43:14.348620,Pune,45153.51,Credit Card,0
11be0f31,2026-05-27 06:11:14.348640,Pune,12714.2,Net Banking,0
3bd2bf22,2026-05-24 08:54:14.348656,Mumbai,41755.57,Debit Card,0
180b860d,2026-05-28 08:34:14.348671,Pune,22046.13,Debit Card,0
0c3f17a6,2026-05-23 18:26:14.348695,Pune,5562.61,UPI,0
2559797c,2026-05-28 21:51:14.348711,Bangalore,28449.47,UPI,0
239a9afb,2026-05-22 16:05:14.348726,Pune,12266.94,Credit Card,0
38895ae2,2026-05-24 05:44:14.348741,Bangalore,2605.74,Credit Card,0
4dd539d3,2026-05-23 04:53:14.348759,Pune,31748.56,UPI,1
d10d8270,2026-05-24 14:44:14.348776,Hyderabad,18810.74,Debit Card,0
aee83dbe,2026-05-28 00:11:14.348791,Hyderabad,8115.51,Net Banking,0
7cce8de0,2026-05-24 16:34:14.348806,Hyderabad,28220.61,UPI,0
f8ebb743,2026-05-28 13:06:14.348824,Bangalore,995.07,Credit Card,0
945f9825,2026-05-29 05:09:14.348840,Bangalore,1875.98,Credit Card,0
ffaec17a,2026-05-26 17:21:14.348856,Pune,14220.53,Net Banking,0
d85b3ff9,2026-05-23 16:16:14.348870,Mumbai,44479.94,Net Banking,0
394fe3e8,2026-05-27 12:06:14.348888,Hyderabad,24567.55,UPI,0
01cd40b2,2026-05-28 11:24:14.348908,Mumbai,14055.63,Credit Card,0
d85b95be,2026-05-24 05:46:14.348924,Pune,17706.41,Credit Card,0
5d93e589,2026-05-23 01:01:14.348940,Bangalore,15294.24,Net Banking,1
05809d5b,2026-05-26 08:03:14.348958,Bangalore,33344.03,Net Banking,0
e22a55c2,2026-05-25 11:50:14.348975,Delhi,43512.38,Net Banking,0
a4214775,2026-05-28 08:46:14.348990,Hyderabad,44941.61,Net Banking,0
3c40832d,2026-05-27 19:53:14.349009,Bangalore,11813.48,UPI,0
2919b123,2026-05-23 22:44:14.349027,Mumbai,6806.68,Debit Card,0
3abfc030,2026-05-23 21:01:14.349044,Bangalore,2094.94,UPI,0
0a0a188b,2026-05-23 09:35:14.349060,Mumbai,13298.98,Net Banking,0
f06d9a04,2026-05-23 01:52:14.349075,Bangalore,22640.44,Net Banking,1
9f20260c,2026-05-24 08:02:14.349093,Pune,26425.78,UPI,0
9e1df683,2026-05-26 13:29:14.349109,Pune,42202.53,Debit Card,0
ef1b31d6,2026-05-24 11:39:14.349124,Bangalore,30201.05,UPI,0
00dd24dd,2026-05-27 13:19:14.349140,Bangalore,10579.9,Net Banking,0
d713c2c5,2026-05-28 06:55:14.349158,Bangalore,21782.59,UPI,0
91d2ddae,2026-05-28 04:45:14.349175,Delhi,26564.22,Debit Card,0
e6a8a0c9,2026-05-22 23:17:14.349191,Hyderabad,26478.79,UPI,0
d18b5822,2026-05-27 19:36:14.349207,Pune,6483.0,UPI,1
6afb1674,2026-05-28 20:58:14.349225,Hyderabad,13838.95,Credit Card,0
ec942fab,2026-05-22 15:19:14.349241,Bangalore,16885.67,UPI,0
b38cf8de,2026-05-25 19:03:14.349256,Bangalore,6657.03,Net Banking,0
a7d5f1e2,2026-05-28 11:20:14.349272,Pune,14662.82,UPI,0
f91af68a,2026-05-27 04:04:14.349290,Pune,19191.48,Net Banking,0
66d362f2,2026-05-27 11:22:14.349306,Bangalore,49931.25,Debit Card,0
3d0ab4e8,2026-05-25 03:25:14.349322,Mumbai,9955.75,Debit Card,0
982037a3,2026-05-22 18:13:14.349341,Pune,9631.28,UPI,0
842cc61d,2026-05-27 14:55:14.349360,Delhi,21505.31,UPI,0
3cf0095d,2026-05-24 07:00:14.349376,Delhi,41062.93,Net Banking,0
5f8d4680,2026-05-22 22:06:14.349391,Pune,48526.36,Net Banking,0
7453a9de,2026-05-27 16:04:14.349406,Bangalore,41991.25,Credit Card,0
befb5222,2026-05-28 15:40:14.349424,Mumbai,43047.69,Debit Card,0
df9a2807,2026-05-23 11:51:14.349444,Pune,14952.35,Net Banking,0
d8c46c8f,2026-05-22 12:02:14.349461,Hyderabad,6154.15,UPI,0
9e233ffa,2026-05-24 21:05:14.349477,Bangalore,18537.51,UPI,0
f1f27df3,2026-05-26 10:44:14.349494,Mumbai,26029.71,Credit Card,0
8dcb7e82,2026-05-28 09:20:14.349511,Hyderabad,11959.32,Net Banking,0
9ee8bca5,2026-05-23 02:53:14.349527,Mumbai,44426.12,Net Banking,0
0198b4a1,2026-05-28 09:31:14.349542,Hyderabad,36085.92,Debit Card,0
a6276949,2026-05-23 18:46:14.349561,Delhi,33069.78,UPI,0
f7c85bf7,2026-05-24 18:06:14.349578,Mumbai,48755.83,Credit Card,0
1f2e016f,2026-05-25 10:33:14.349593,Bangalore,2103.65,UPI,0
357ddbb8,2026-05-25 10:57:14.349608,Mumbai,41281.72,Net Banking,0
9569a80c,2026-05-22 14:38:14.349624,Mumbai,23433.04,Debit Card,1
54fe44f1,2026-05-23 20:41:14.349642,Pune,47678.89,Credit Card,0
52b888e2,2026-05-26 20:50:14.349663,Pune,45254.97,Debit Card,0
46f44842,2026-05-24 17:07:14.349678,Mumbai,43502.97,Net Banking,1
d0da6e61,2026-05-22 12:17:14.349694,Bangalore,49838.45,UPI,0
20041967,2026-05-24 22:44:14.349712,Delhi,48351.26,Credit Card,0
5cf999fb,2026-05-23 11:23:14.349730,Delhi,40501.02,Credit Card,0
a10cc14f,2026-05-26 18:20:14.349745,Hyderabad,22015.61,Debit Card,0
ccc04950,2026-05-24 14:08:14.349760,Delhi,21305.03,UPI,0
8917e4d8,2026-05-28 07:50:14.349778,Mumbai,37582.86,UPI,0
cffd43ee,2026-05-28 13:20:14.349795,Delhi,33156.32,UPI,0
e6e0cd85,2026-05-26 19:58:14.349810,Pune,36903.87,Debit Card,0
e7833cbe,2026-05-25 00:45:14.349826,Delhi,12192.8,Debit Card,0
5dea50dc,2026-05-25 13:45:14.349844,Mumbai,41071.5,Debit Card,0
5a17148c,2026-05-25 07:28:14.349860,Hyderabad,42765.91,UPI,0
741e3a5f,2026-05-22 14:29:14.349876,Mumbai,19520.07,Credit Card,0
5f23a2f2,2026-05-24 00:29:14.349890,Delhi,16400.19,UPI,0
45073ff5,2026-05-23 19:11:14.349908,Mumbai,13074.48,Debit Card,0
f1c32848,2026-05-27 08:57:14.349925,Hyderabad,17844.92,UPI,0
ae1146bf,2026-05-28 14:20:14.349940,Mumbai,36373.06,Debit Card,0
685625b1,2026-05-23 08:50:14.349955,Mumbai,35091.96,UPI,0
6c80b3e7,2026-05-24 05:43:14.349976,Mumbai,30372.08,UPI,0
6baff2af,2026-05-24 15:42:14.350000,Mumbai,40042.59,Net Banking,0
2ed159cc,2026-05-28 16:06:14.350016,Delhi,24797.36,Credit Card,1
2a8cc3db,2026-05-26 18:38:14.350032,Bangalore,17523.51,Debit Card,0
e4674008,2026-05-23 01:30:14.350050,Pune,31935.48,UPI,0
1358f8f6,2026-05-27 01:13:14.350070,Bangalore,13361.85,Net Banking,0
4abe6a2b,2026-05-27 23:10:14.350087,Pune,22584.93,Debit Card,0
d3ad8ce3,2026-05-25 22:07:14.350103,Mumbai,6399.85,Debit Card,1
2ee1878c,2026-05-24 03:12:14.350120,Bangalore,38095.79,Net Banking,0
921e075b,2026-05-24 22:22:14.350138,Pune,26344.46,Net Banking,0
1cd1ccc8,2026-05-22 15:07:14.350153,Hyderabad,27081.73,Credit Card,0
8dc54b1f,2026-05-28 10:02:14.350169,Pune,9182.58,UPI,0
c436fd50,2026-05-25 06:47:14.350184,Hyderabad,15248.94,UPI,0
aa8298c7,2026-05-27 22:05:14.350199,Mumbai,24204.61,Debit Card,0
696b6158,2026-05-29 07:09:14.350214,Mumbai,38777.89,Net Banking,0
e970dd02,2026-05-25 07:36:14.350230,Delhi,9262.84,Net Banking,0
82749fae,2026-05-28 00:41:14.350245,Mumbai,48156.07,Credit Card,0
3e52aba2,2026-05-25 02:08:14.350260,Bangalore,20913.59,Debit Card,0
31d354ba,2026-05-28 10:27:14.350275,Delhi,48371.99,Net Banking,0
f764366c,2026-05-27 18:43:14.350291,Pune,27179.74,Net Banking,0
4be18c90,2026-05-29 03:48:14.350310,Pune,39632.87,UPI,0
e22dc34b,2026-05-25 15:53:14.350326,Delhi,33684.27,Debit Card,0
74466b55,2026-05-27 01:01:14.350342,Mumbai,15381.12,Credit Card,0
97bb0d84,2026-05-23 04:03:14.350357,Pune,31369.15,UPI,0
a25fd979,2026-05-28 06:07:14.350377,Hyderabad,48784.36,Credit Card,0
d0255258,2026-05-28 03:06:14.350394,Mumbai,15829.69,Debit Card,0
92601fb9,2026-05-24 20:12:14.350409,Mumbai,390.94,Debit Card,0
7040d210,2026-05-27 11:27:14.350425,Hyderabad,18403.87,Credit Card,0
06b1eba8,2026-05-29 07:22:14.350441,Bangalore,22074.05,Debit Card,0
8bca3933,2026-05-26 08:47:14.350460,Mumbai,40836.79,UPI,0
a998ba6b,2026-05-27 13:12:14.350477,Bangalore,20233.25,Credit Card,0
e461a447,2026-05-28 01:16:14.350492,Mumbai,19490.5,Net Banking,0
150944e5,2026-05-26 04:28:14.350515,Pune,31732.27,Credit Card,0
578a3ea2,2026-05-23 06:59:14.350534,Mumbai,4638.45,Credit Card,0
cba99838,2026-05-25 01:47:14.350550,Hyderabad,46202.85,Credit Card,0
eb5aa764,2026-05-29 09:59:14.350565,Delhi,6849.9,Credit Card,0
08b80d64,2026-05-22 20:30:14.350581,Mumbai,25486.98,Credit Card,0
aa54c709,2026-05-29 00:11:14.350601,Mumbai,4597.06,UPI,0
4719307e,2026-05-22 23:13:14.350617,Hyderabad,47182.28,Debit Card,0
d9992267,2026-05-22 16:25:14.350633,Bangalore,20565.75,Debit Card,0
2f42fc27,2026-05-26 20:47:14.350656,Delhi,41000.39,UPI,0
6e10a336,2026-05-28 23:24:14.350674,Hyderabad,17319.05,Net Banking,0
39a03f7e,2026-05-24 22:57:14.350690,Delhi,23132.92,Debit Card,0
ee9854fb,2026-05-23 12:45:14.350705,Bangalore,17615.75,Credit Card,0
f0e15001,2026-05-28 15:49:14.350723,Mumbai,12617.51,Debit Card,0
7e24915f,2026-05-26 20:38:14.350741,Bangalore,26474.71,Net Banking,0
cebb681a,2026-05-23 13:56:14.350756,Pune,1909.85,Credit Card,0
9b1f9600,2026-05-24 00:11:14.350771,Bangalore,7811.1,UPI,0
a38da7f0,2026-05-23 03:42:14.350789,Delhi,26793.87,Debit Card,0
07f9df95,2026-05-26 14:54:14.350806,Delhi,37386.64,UPI,0
26365406,2026-05-27 13:58:14.350822,Delhi,36960.76,Debit Card,0
edc62c6c,2026-05-26 14:31:14.350837,Mumbai,31131.82,Credit Card,0
c12d7b9e,2026-05-28 14:41:14.350852,Mumbai,41487.01,Net Banking,0
b6afedcf,2026-05-27 18:03:14.350870,Hyderabad,18380.52,UPI,0
1208b56b,2026-05-26 23:00:14.350887,Mumbai,19700.02,UPI,0
87e1fedc,2026-05-22 15:56:14.350903,Mumbai,25624.44,Credit Card,0
7019887f,2026-05-25 14:40:14.350919,Hyderabad,36716.25,UPI,0
139e2d06,2026-05-25 06:40:14.350937,Hyderabad,32327.46,Credit Card,0
5a5c8ae3,2026-05-28 06:34:14.350953,Mumbai,45687.24,Debit Card,0
3360a981,2026-05-27 13:34:14.350973,Bangalore,42630.92,Net Banking,0
a0d20780,2026-05-22 23:32:14.350989,Bangalore,2667.05,UPI,0
ca87f521,2026-05-27 03:46:14.351008,Bangalore,4107.71,Net Banking,0
c8f1b85b,2026-05-24 03:12:14.351025,Hyderabad,19022.41,Debit Card,0
dd6ed9a7,2026-05-28 13:30:14.351040,Delhi,13108.64,UPI,0
e2ed9d0d,2026-05-22 18:53:14.351063,Bangalore,34617.97,Debit Card,0
45edd853,2026-05-28 16:57:14.351081,Delhi,33941.19,Credit Card,0
d2c4976c,2026-05-26 03:01:14.351097,Hyderabad,47751.1,UPI,0
d085bb0c,2026-05-27 20:59:14.351112,Delhi,27835.9,Net Banking,0
f41ff7c8,2026-05-24 09:12:14.351127,Delhi,26997.62,UPI,1
bb573b37,2026-05-23 23:33:14.351146,Delhi,27537.99,UPI,0
e20d3fe8,2026-05-24 17:48:14.351163,Hyderabad,28436.78,Net Banking,0
89626891,2026-05-27 09:43:14.351178,Pune,22321.38,Credit Card,0
2f69caad,2026-05-28 06:46:14.351194,Bangalore,33580.19,Net Banking,0
4b682404,2026-05-25 01:07:14.351213,Bangalore,26588.46,Debit Card,0
e65743da,2026-05-27 15:19:14.351230,Mumbai,28769.28,Net Banking,0
84489ca2,2026-05-26 10:31:14.351245,Delhi,2466.84,UPI,0
3d34304f,2026-05-27 03:22:14.351261,Pune,15182.93,Credit Card,0
d0436845,2026-05-29 03:44:14.351276,Delhi,45493.3,Net Banking,0
5a6fd6b3,2026-05-26 00:54:14.351294,Mumbai,19091.42,Credit Card,0
ad534481,2026-05-24 09:55:14.351314,Pune,42774.35,Debit Card,1
1ef97308,2026-05-24 02:15:14.351329,Mumbai,26239.91,Credit Card,0
e584d814,2026-05-27 13:35:14.351349,Hyderabad,2621.75,Net Banking,0
460857c3,2026-05-25 00:41:14.351366,Bangalore,6648.28,Net Banking,0
2d4b0068,2026-05-26 11:37:14.351382,Mumbai,12287.89,Net Banking,0
045c364f,2026-05-22 18:42:14.351398,Mumbai,2834.79,UPI,0
387aa82b,2026-05-24 09:54:14.351414,Mumbai,9725.95,UPI,0
eed0c1c2,2026-05-25 04:17:14.351433,Pune,34095.96,Net Banking,0
d0aef156,2026-05-25 09:04:14.351449,Pune,37437.65,Credit Card,0
6e5522cf,2026-05-25 14:45:14.351465,Hyderabad,43411.42,UPI,0
33276686,2026-05-26 16:44:14.351480,Hyderabad,31297.3,Credit Card,0
7b307f66,2026-05-25 12:38:14.351503,Hyderabad,48299.41,Net Banking,0
07c15859,2026-05-28 12:55:14.351522,Hyderabad,7033.66,Debit Card,0
702d669c,2026-05-24 02:51:14.351538,Mumbai,19058.24,Credit Card,0
63edd37e,2026-05-23 11:35:14.351554,Delhi,49830.37,Net Banking,0
9c74f8e5,2026-05-25 14:28:14.351569,Bangalore,10524.21,Debit Card,0
c882a912,2026-05-26 08:55:14.351588,Delhi,6159.34,Credit Card,0
7ec50d27,2026-05-27 15:45:14.351608,Bangalore,20958.97,Credit Card,0
54d05388,2026-05-25 07:36:14.351625,Pune,12091.84,Credit Card,0
fc7204d1,2026-05-25 03:18:14.351647,Delhi,22781.24,Debit Card,0
db6dc76b,2026-05-23 13:32:14.351664,Pune,30975.47,Debit Card,0
a878f0bd,2026-05-25 15:00:14.351680,Pune,38642.37,Credit Card,1
ed41aaa3,2026-05-26 03:23:14.351695,Bangalore,48573.09,UPI,0
81bf2cb0,2026-05-26 21:25:14.351715,Pune,46945.42,Net Banking,0
769beb0d,2026-05-28 23:32:14.351732,Delhi,14418.41,Debit Card,0
0692f8ff,2026-05-25 07:50:14.351747,Hyderabad,28474.25,Debit Card,0
4bd36237,2026-05-23 06:13:14.351763,Pune,48635.09,Credit Card,0
12d9a8dc,2026-05-22 14:53:14.351781,Delhi,12419.22,Debit Card,0
c9c6c48e,2026-05-26 01:47:14.351798,Hyderabad,132.73,Credit Card,0
900847ad,2026-05-27 20:30:14.351813,Bangalore,43875.78,Debit Card,0
f2d666f7,2026-05-29 00:27:14.351828,Pune,6052.85,Net Banking,0
34f4a2fe,2026-05-22 15:44:14.351847,Mumbai,18528.69,Debit Card,0
efcf05cc,2026-05-26 07:26:14.351864,Pune,32633.15,Debit Card,0
a3120ba5,2026-05-23 07:20:14.351879,Pune,22270.83,Credit Card,0
02a7960c,2026-05-23 10:53:14.351895,Bangalore,25803.84,Credit Card,0
12636e17,2026-05-23 16:39:14.351914,Delhi,7984.89,Net Banking,0
5e4b343b,2026-05-26 18:26:14.351931,Pune,25326.82,Debit Card,0
e8b3388d,2026-05-25 05:50:14.351946,Bangalore,17546.66,Net Banking,0
c6dbf0d9,2026-05-22 20:16:14.351961,Mumbai,33591.84,Net Banking,0
1589a005,2026-05-22 16:18:14.351983,Mumbai,47246.38,Credit Card,0
8bce95c0,2026-05-29 00:47:14.352000,Delhi,3781.68,Net Banking,0
113f3427,2026-05-24 05:53:14.352015,Bangalore,43925.52,Credit Card,0
d9623982,2026-05-25 20:31:14.352032,Delhi,36100.26,UPI,1
2e79ebf7,2026-05-23 09:45:14.352046,Pune,41217.77,Credit Card,0
cfa4ef71,2026-05-27 12:57:14.352064,Delhi,15345.91,Credit Card,0
fc057e97,2026-05-26 07:13:14.352081,Delhi,17090.45,Credit Card,0
683168a7,2026-05-24 22:28:14.352097,Mumbai,35344.64,Debit Card,0
6c488a3e,2026-05-28 04:38:14.352112,Delhi,13848.01,Debit Card,0
47c37cab,2026-05-23 12:43:14.352130,Bangalore,46542.26,Debit Card,0
558009ec,2026-05-26 05:35:14.352151,Pune,35926.97,Debit Card,0
9fe096cb,2026-05-28 02:00:14.352170,Bangalore,41179.43,Debit Card,0
72019efa,2026-05-27 08:40:14.352187,Delhi,7266.58,Credit Card,0
7abaf723,2026-05-25 21:43:14.352202,Mumbai,39612.97,Credit Card,1
bef7cd1e,2026-05-23 15:51:14.352218,Hyderabad,28067.39,Net Banking,0
af05d7d8,2026-05-24 20:44:14.352233,Bangalore,38891.75,Credit Card,0
6f9a8171,2026-05-27 06:30:14.352252,Bangalore,24662.2,Debit Card,0
986c115c,2026-05-23 18:28:14.352270,Hyderabad,16019.33,Debit Card,0
a3e3fa15,2026-05-28 09:59:14.352285,Pune,2698.48,UPI,0
890ab9aa,2026-05-24 17:27:14.352305,Hyderabad,26030.66,Net Banking,0
77eb45da,2026-05-25 03:15:14.352320,Pune,32399.45,Debit Card,0
ff51b15f,2026-05-28 16:34:14.352335,Pune,32838.56,UPI,0
5e41592f,2026-05-28 03:33:14.352351,Pune,24925.79,Debit Card,0
3041d96d,2026-05-24 03:53:14.352366,Bangalore,18480.48,Debit Card,0
87b4c15c,2026-05-24 03:16:14.352382,Delhi,15464.41,UPI,0
5b70e370,2026-05-27 04:20:14.352401,Delhi,28735.97,Credit Card,0
bfa3870c,2026-05-23 21:53:14.352418,Hyderabad,40465.87,UPI,0
0bc89ba7,2026-05-25 00:58:14.352433,Hyderabad,32439.99,UPI,0
ce3a6c21,2026-05-25 12:38:14.352449,Delhi,6464.48,Credit Card,0
9ef8686b,2026-05-24 04:06:14.352464,Bangalore,36942.4,Net Banking,0
f623cc9c,2026-05-25 14:13:14.352479,Delhi,31352.01,Debit Card,0
d3d6fced,2026-05-28 15:53:14.352495,Pune,7908.1,Credit Card,0
26ca5b22,2026-05-28 21:48:14.352510,Pune,35830.02,Net Banking,0
31b57e3a,2026-05-22 11:58:14.352526,Pune,40991.65,Net Banking,0
e5ad19c2,2026-05-27 01:17:14.352545,Delhi,42043.83,Debit Card,0
fee7a959,2026-05-23 08:31:14.352563,Pune,8336.2,Credit Card,0
d194ce74,2026-05-23 05:31:14.352578,Delhi,23119.44,UPI,0
ca3115e0,2026-05-27 18:40:14.352593,Bangalore,34729.5,Net Banking,0
2afc055a,2026-05-26 03:37:14.352608,Bangalore,6906.24,UPI,0
6beec7f6,2026-05-23 20:38:14.352631,Bangalore,11068.78,Debit Card,0
ec291031,2026-05-28 08:12:14.352648,Delhi,25232.71,Debit Card,0
9bc139ab,2026-05-23 21:15:14.352667,Pune,10346.29,Net Banking,0
8ea159fc,2026-05-26 06:11:14.352684,Pune,33375.87,Debit Card,0
215e3f77,2026-05-29 07:33:14.352700,Hyderabad,29182.12,Credit Card,0
155d5021,2026-05-24 03:43:14.352719,Mumbai,1193.29,Credit Card,0
e515a8d7,2026-05-26 21:42:14.352737,Bangalore,4906.35,Credit Card,0
0e7e8ab2,2026-05-22 22:29:14.352753,Delhi,10127.89,Debit Card,0
cde72286,2026-05-25 00:14:14.352769,Bangalore,6750.6,UPI,0
90c399ab,2026-05-26 18:40:14.352790,Delhi,47771.1,Debit Card,0
e870271d,2026-05-28 03:47:14.352807,Hyderabad,1632.45,UPI,0
e171a0a6,2026-05-26 16:49:14.352823,Pune,19247.68,Credit Card,0
841240a6,2026-05-24 19:19:14.352839,Bangalore,7179.22,Debit Card,0
02d2e95e,2026-05-26 04:14:14.352855,Hyderabad,1163.59,UPI,0
fb25e737,2026-05-27 09:47:14.352873,Hyderabad,22126.79,UPI,0
6b1a017e,2026-05-26 17:02:14.352890,Mumbai,12362.0,Net Banking,0
9b66e22c,2026-05-25 19:23:14.352906,Mumbai,29927.71,UPI,0
65f1816c,2026-05-27 19:48:14.352921,Pune,19845.96,Net Banking,0
8fc7e33f,2026-05-22 13:10:14.352939,Mumbai,1239.68,Credit Card,0
cd9bd480,2026-05-28 22:38:14.352964,Pune,24049.9,Debit Card,0
aecf6519,2026-05-28 19:23:14.352981,Bangalore,14585.36,UPI,0
58029a76,2026-05-28 03:17:14.352998,Delhi,21922.77,Net Banking,0
a7c3c941,2026-05-23 09:44:14.353017,Hyderabad,13976.06,Credit Card,0
cffd89b2,2026-05-23 08:46:14.353035,Bangalore,44412.79,UPI,0
b0bcfbfa,2026-05-24 12:10:14.353051,Bangalore,983.54,Credit Card,0
1b5c318b,2026-05-26 18:36:14.353066,Pune,2130.59,Credit Card,0
f00f4b54,2026-05-27 14:36:14.353085,Bangalore,10688.05,Credit Card,0
e6ce9426,2026-05-23 20:39:14.353102,Bangalore,48492.83,Debit Card,0
b68d0817,2026-05-24 20:31:14.353118,Hyderabad,46538.65,Net Banking,0
aeb741ca,2026-05-22 13:01:14.353133,Bangalore,48215.5,Debit Card,1
35767bb7,2026-05-23 20:09:14.353152,Bangalore,40360.78,UPI,0
57226591,2026-05-27 12:33:14.353168,Hyderabad,42561.52,Net Banking,0
9f407300,2026-05-28 23:50:14.353184,Pune,42553.59,Credit Card,0
aa8aa753,2026-05-24 04:19:14.353199,Delhi,3021.89,Debit Card,0
4d4f1afb,2026-05-23 04:52:14.353221,Mumbai,24942.8,UPI,0
241736a3,2026-05-27 23:57:14.353238,Delhi,21677.28,Credit Card,0
15e2f6fa,2026-05-25 22:46:14.353255,Delhi,19754.76,Debit Card,0
29678e1d,2026-05-24 04:12:14.353273,Bangalore,9005.22,UPI,0
5c46e68e,2026-05-23 08:28:14.353289,Mumbai,249.88,Net Banking,0
495a78c4,2026-05-24 04:24:14.353309,Pune,37198.01,Debit Card,0
a0bc7a89,2026-05-23 11:13:14.353329,Bangalore,25070.27,Credit Card,0
610f26e2,2026-05-25 20:23:14.353346,Delhi,8590.23,Net Banking,0
28c01d94,2026-05-23 06:12:14.353361,Hyderabad,17084.27,Debit Card,0
7ec45a9d,2026-05-22 19:51:14.353377,Delhi,34035.26,Credit Card,0
7681d880,2026-05-28 17:58:14.353392,Delhi,24122.28,Debit Card,0
9eb1d68c,2026-05-27 00:44:14.353411,Delhi,624.74,UPI,0
5ae7b11b,2026-05-28 12:25:14.353427,Hyderabad,7975.62,Debit Card,0
00692643,2026-05-26 02:21:14.353444,Bangalore,9878.07,Debit Card,0
2f2691c7,2026-05-24 03:17:14.353460,Delhi,47101.21,UPI,0
f70ab036,2026-05-23 13:08:14.353478,Delhi,49823.33,Net Banking,0
527fe9fa,2026-05-25 21:30:14.353495,Mumbai,38260.29,Credit Card,0
5be4f5bf,2026-05-23 03:20:14.353511,Hyderabad,41764.0,UPI,0
f62eb83f,2026-05-22 18:36:14.353527,Pune,7239.5,Net Banking,0
7cc28e59,2026-05-25 14:23:14.353546,Bangalore,591.92,UPI,0
39358e27,2026-05-27 07:48:14.353563,Pune,386.33,Net Banking,0
da242945,2026-05-22 13:18:14.353579,Mumbai,31145.97,Net Banking,0
2934b62e,2026-05-26 22:59:14.353595,Pune,30770.95,Net Banking,1
2ea5cc58,2026-05-26 04:28:14.353615,Hyderabad,35593.82,Net Banking,0
ea2fb43d,2026-05-23 23:19:14.353637,Delhi,15702.03,Credit Card,1
10c4c6b3,2026-05-23 23:10:14.353653,Pune,28005.4,Debit Card,0
d76d7279,2026-05-26 04:52:14.353669,Pune,20621.29,Net Banking,0
e87be358,2026-05-23 04:02:14.353684,Bangalore,40382.28,Debit Card,0
8607879a,2026-05-24 22:22:14.353700,Hyderabad,26503.01,Net Banking,0
c16f4530,2026-05-23 10:55:14.353715,Delhi,46942.43,Credit Card,0
06aa870f,2026-05-23 13:32:14.353731,Delhi,6907.98,Net Banking,0
e353a481,2026-05-26 01:56:14.353747,Delhi,4869.35,UPI,0
fb8385f4,2026-05-24 15:42:14.353765,Delhi,14131.07,Debit Card,0
